[{"model": "admin.logentry", "pk": 1, "fields": {"action_time": "2024-06-15T06:53:53.268Z", "user": 1, "content_type": 7, "object_id": "None", "object_repr": "Amin", "action_flag": 1, "change_message": "[{\"added\": {}}]"}}, {"model": "admin.logentry", "pk": 2, "fields": {"action_time": "2024-06-15T06:53:57.782Z", "user": 1, "content_type": 7, "object_id": "None", "object_repr": "Mostafa", "action_flag": 1, "change_message": "[{\"added\": {}}]"}}, {"model": "admin.logentry", "pk": 3, "fields": {"action_time": "2024-06-15T06:54:06.115Z", "user": 1, "content_type": 7, "object_id": "None", "object_repr": "Hosein", "action_flag": 1, "change_message": "[{\"added\": {}}]"}}, {"model": "admin.logentry", "pk": 4, "fields": {"action_time": "2024-06-15T06:54:11.046Z", "user": 1, "content_type": 7, "object_id": "None", "object_repr": "Negar", "action_flag": 1, "change_message": "[{\"added\": {}}]"}}, {"model": "admin.logentry", "pk": 5, "fields": {"action_time": "2024-06-15T06:54:15.287Z", "user": 1, "content_type": 7, "object_id": "None", "object_repr": "Tannaz", "action_flag": 1, "change_message": "[{\"added\": {}}]"}}, {"model": "admin.logentry", "pk": 6, "fields": {"action_time": "2024-06-15T06:54:22.329Z", "user": 1, "content_type": 7, "object_id": "None", "object_repr": "Mohammad", "action_flag": 1, "change_message": "[{\"added\": {}}]"}}, {"model": "admin.logentry", "pk": 7, "fields": {"action_time": "2024-06-15T06:55:02.757Z", "user": 1, "content_type": 7, "object_id": "1", "object_repr": "Amin", "action_flag": 1, "change_message": "[{\"added\": {}}]"}}, {"model": "admin.logentry", "pk": 8, "fields": {"action_time": "2024-06-15T06:55:11.691Z", "user": 1, "content_type": 7, "object_id": "2", "object_repr": "Mostafa", "action_flag": 1, "change_message": "[{\"added\": {}}]"}}, {"model": "admin.logentry", "pk": 9, "fields": {"action_time": "2024-06-15T06:55:16.057Z", "user": 1, "content_type": 7, "object_id": "3", "object_repr": "Hosein", "action_flag": 1, "change_message": "[{\"added\": {}}]"}}, {"model": "admin.logentry", "pk": 10, "fields": {"action_time": "2024-06-15T06:55:22.668Z", "user": 1, "content_type": 7, "object_id": "4", "object_repr": "Negar", "action_flag": 1, "change_message": "[{\"added\": {}}]"}}, {"model": "admin.logentry", "pk": 11, "fields": {"action_time": "2024-06-15T06:55:28.380Z", "user": 1, "content_type": 7, "object_id": "5", "object_repr": "Tannaz", "action_flag": 1, "change_message": "[{\"added\": {}}]"}}, {"model": "admin.logentry", "pk": 12, "fields": {"action_time": "2024-06-15T06:55:32.777Z", "user": 1, "content_type": 7, "object_id": "6", "object_repr": "Mohammad", "action_flag": 1, "change_message": "[{\"added\": {}}]"}}, {"model": "admin.logentry", "pk": 13, "fields": {"action_time": "2024-06-15T07:00:11.875Z", "user": 1, "content_type": 9, "object_id": "ger", "object_repr": "ger", "action_flag": 1, "change_message": "[{\"added\": {}}]"}}, {"model": "admin.logentry", "pk": 14, "fields": {"action_time": "2024-06-15T07:00:19.368Z", "user": 1, "content_type": 9, "object_id": "Ger", "object_repr": "Ger", "action_flag": 2, "change_message": "[{\"changed\": {\"fields\": [\"Name\"]}}]"}}, {"model": "admin.logentry", "pk": 15, "fields": {"action_time": "2024-06-15T07:00:23.645Z", "user": 1, "content_type": 9, "object_id": "Sco", "object_repr": "Sco", "action_flag": 1, "change_message": "[{\"added\": {}}]"}}, {"model": "admin.logentry", "pk": 16, "fields": {"action_time": "2024-06-15T07:00:28.183Z", "user": 1, "content_type": 9, "object_id": "Hun", "object_repr": "Hun", "action_flag": 1, "change_message": "[{\"added\": {}}]"}}, {"model": "admin.logentry", "pk": 17, "fields": {"action_time": "2024-06-15T07:00:32.065Z", "user": 1, "content_type": 9, "object_id": "Swi", "object_repr": "Swi", "action_flag": 1, "change_message": "[{\"added\": {}}]"}}, {"model": "admin.logentry", "pk": 18, "fields": {"action_time": "2024-06-15T07:00:35.719Z", "user": 1, "content_type": 9, "object_id": "Esp", "object_repr": "Esp", "action_flag": 1, "change_message": "[{\"added\": {}}]"}}, {"model": "admin.logentry", "pk": 19, "fields": {"action_time": "2024-06-15T07:00:42.500Z", "user": 1, "content_type": 9, "object_id": "COR", "object_repr": "COR", "action_flag": 1, "change_message": "[{\"added\": {}}]"}}, {"model": "admin.logentry", "pk": 20, "fields": {"action_time": "2024-06-15T07:00:51.474Z", "user": 1, "content_type": 9, "object_id": "ITA", "object_repr": "ITA", "action_flag": 1, "change_message": "[{\"added\": {}}]"}}, {"model": "admin.logentry", "pk": 21, "fields": {"action_time": "2024-06-15T07:00:55.741Z", "user": 1, "content_type": 9, "object_id": "ALB", "object_repr": "ALB", "action_flag": 1, "change_message": "[{\"added\": {}}]"}}, {"model": "admin.logentry", "pk": 22, "fields": {"action_time": "2024-06-15T07:01:08.229Z", "user": 1, "content_type": 9, "object_id": "GER", "object_repr": "GER", "action_flag": 2, "change_message": "[{\"changed\": {\"fields\": [\"Name\"]}}]"}}, {"model": "admin.logentry", "pk": 23, "fields": {"action_time": "2024-06-15T07:01:20.017Z", "user": 1, "content_type": 9, "object_id": "ger", "object_repr": "ger", "action_flag": 3, "change_message": ""}}, {"model": "admin.logentry", "pk": 24, "fields": {"action_time": "2024-06-15T07:01:20.021Z", "user": 1, "content_type": 9, "object_id": "Ger", "object_repr": "Ger", "action_flag": 3, "change_message": ""}}, {"model": "admin.logentry", "pk": 25, "fields": {"action_time": "2024-06-15T07:01:34.996Z", "user": 1, "content_type": 9, "object_id": "Swi", "object_repr": "Swi", "action_flag": 3, "change_message": ""}}, {"model": "admin.logentry", "pk": 26, "fields": {"action_time": "2024-06-15T07:01:35.001Z", "user": 1, "content_type": 9, "object_id": "Sco", "object_repr": "Sco", "action_flag": 3, "change_message": ""}}, {"model": "admin.logentry", "pk": 27, "fields": {"action_time": "2024-06-15T07:01:35.003Z", "user": 1, "content_type": 9, "object_id": "ITA", "object_repr": "ITA", "action_flag": 3, "change_message": ""}}, {"model": "admin.logentry", "pk": 28, "fields": {"action_time": "2024-06-15T07:01:35.005Z", "user": 1, "content_type": 9, "object_id": "Hun", "object_repr": "Hun", "action_flag": 3, "change_message": ""}}, {"model": "admin.logentry", "pk": 29, "fields": {"action_time": "2024-06-15T07:01:35.006Z", "user": 1, "content_type": 9, "object_id": "GER", "object_repr": "GER", "action_flag": 3, "change_message": ""}}, {"model": "admin.logentry", "pk": 30, "fields": {"action_time": "2024-06-15T07:01:35.008Z", "user": 1, "content_type": 9, "object_id": "Esp", "object_repr": "Esp", "action_flag": 3, "change_message": ""}}, {"model": "admin.logentry", "pk": 31, "fields": {"action_time": "2024-06-15T07:01:35.010Z", "user": 1, "content_type": 9, "object_id": "COR", "object_repr": "COR", "action_flag": 3, "change_message": ""}}, {"model": "admin.logentry", "pk": 32, "fields": {"action_time": "2024-06-15T07:01:35.012Z", "user": 1, "content_type": 9, "object_id": "ALB", "object_repr": "ALB", "action_flag": 3, "change_message": ""}}, {"model": "admin.logentry", "pk": 33, "fields": {"action_time": "2024-06-15T07:01:39.310Z", "user": 1, "content_type": 9, "object_id": "GER", "object_repr": "GER", "action_flag": 1, "change_message": "[{\"added\": {}}]"}}, {"model": "admin.logentry", "pk": 34, "fields": {"action_time": "2024-06-15T07:01:45.321Z", "user": 1, "content_type": 9, "object_id": "SCO", "object_repr": "SCO", "action_flag": 1, "change_message": "[{\"added\": {}}]"}}, {"model": "admin.logentry", "pk": 35, "fields": {"action_time": "2024-06-15T07:01:50.274Z", "user": 1, "content_type": 9, "object_id": "HUN", "object_repr": "HUN", "action_flag": 1, "change_message": "[{\"added\": {}}]"}}, {"model": "admin.logentry", "pk": 36, "fields": {"action_time": "2024-06-15T07:01:54.586Z", "user": 1, "content_type": 9, "object_id": "SWI", "object_repr": "SWI", "action_flag": 1, "change_message": "[{\"added\": {}}]"}}, {"model": "admin.logentry", "pk": 37, "fields": {"action_time": "2024-06-15T07:01:58.643Z", "user": 1, "content_type": 9, "object_id": "ESP", "object_repr": "ESP", "action_flag": 1, "change_message": "[{\"added\": {}}]"}}, {"model": "admin.logentry", "pk": 38, "fields": {"action_time": "2024-06-15T07:02:02.568Z", "user": 1, "content_type": 9, "object_id": "COR", "object_repr": "COR", "action_flag": 1, "change_message": "[{\"added\": {}}]"}}, {"model": "admin.logentry", "pk": 39, "fields": {"action_time": "2024-06-15T07:02:07.540Z", "user": 1, "content_type": 9, "object_id": "ITA", "object_repr": "ITA", "action_flag": 1, "change_message": "[{\"added\": {}}]"}}, {"model": "admin.logentry", "pk": 40, "fields": {"action_time": "2024-06-15T07:02:12.734Z", "user": 1, "content_type": 9, "object_id": "ALB", "object_repr": "ALB", "action_flag": 1, "change_message": "[{\"added\": {}}]"}}, {"model": "admin.logentry", "pk": 41, "fields": {"action_time": "2024-06-15T07:03:51.652Z", "user": 1, "content_type": 8, "object_id": "1", "object_repr": "Match object (1)", "action_flag": 1, "change_message": "[{\"added\": {}}]"}}, {"model": "admin.logentry", "pk": 42, "fields": {"action_time": "2024-06-15T07:03:59.235Z", "user": 1, "content_type": 8, "object_id": "2", "object_repr": "Match object (2)", "action_flag": 1, "change_message": "[{\"added\": {}}]"}}, {"model": "admin.logentry", "pk": 43, "fields": {"action_time": "2024-06-15T07:04:09.281Z", "user": 1, "content_type": 8, "object_id": "3", "object_repr": "Match object (3)", "action_flag": 1, "change_message": "[{\"added\": {}}]"}}, {"model": "admin.logentry", "pk": 44, "fields": {"action_time": "2024-06-15T07:04:18.877Z", "user": 1, "content_type": 8, "object_id": "4", "object_repr": "Match object (4)", "action_flag": 1, "change_message": "[{\"added\": {}}]"}}, {"model": "admin.logentry", "pk": 45, "fields": {"action_time": "2024-06-15T07:50:12.647Z", "user": 1, "content_type": 8, "object_id": "4", "object_repr": "Match object (4)", "action_flag": 2, "change_message": "[{\"changed\": {\"fields\": [\"Title\"]}}]"}}, {"model": "admin.logentry", "pk": 46, "fields": {"action_time": "2024-06-15T07:50:18.601Z", "user": 1, "content_type": 8, "object_id": "4", "object_repr": "Match object (4)", "action_flag": 2, "change_message": "[]"}}, {"model": "admin.logentry", "pk": 47, "fields": {"action_time": "2024-06-15T08:02:36.384Z", "user": 1, "content_type": 8, "object_id": "3", "object_repr": "Match object (3)", "action_flag": 2, "change_message": "[{\"changed\": {\"fields\": [\"Title\"]}}]"}}, {"model": "admin.logentry", "pk": 48, "fields": {"action_time": "2024-06-15T08:02:40.701Z", "user": 1, "content_type": 8, "object_id": "2", "object_repr": "Match object (2)", "action_flag": 2, "change_message": "[{\"changed\": {\"fields\": [\"Title\"]}}]"}}, {"model": "admin.logentry", "pk": 49, "fields": {"action_time": "2024-06-15T08:02:44.496Z", "user": 1, "content_type": 8, "object_id": "1", "object_repr": "Match object (1)", "action_flag": 2, "change_message": "[{\"changed\": {\"fields\": [\"Title\"]}}]"}}, {"model": "admin.logentry", "pk": 50, "fields": {"action_time": "2024-06-15T08:03:49.209Z", "user": 1, "content_type": 8, "object_id": "1", "object_repr": "Match object (1)", "action_flag": 2, "change_message": "[]"}}, {"model": "admin.logentry", "pk": 51, "fields": {"action_time": "2024-06-15T08:03:57.067Z", "user": 1, "content_type": 10, "object_id": "1", "object_repr": "Prediction object (1)", "action_flag": 1, "change_message": "[{\"added\": {}}]"}}, {"model": "admin.logentry", "pk": 52, "fields": {"action_time": "2024-06-15T08:06:56.559Z", "user": 1, "content_type": 10, "object_id": "2", "object_repr": "Amin-HUN : SWI", "action_flag": 1, "change_message": "[{\"added\": {}}]"}}, {"model": "admin.logentry", "pk": 53, "fields": {"action_time": "2024-06-15T08:07:06.069Z", "user": 1, "content_type": 10, "object_id": "3", "object_repr": "Amin-ESP : COR", "action_flag": 1, "change_message": "[{\"added\": {}}]"}}, {"model": "admin.logentry", "pk": 54, "fields": {"action_time": "2024-06-15T08:07:18.130Z", "user": 1, "content_type": 10, "object_id": "4", "object_repr": "Amin-ITA : ALB", "action_flag": 1, "change_message": "[{\"added\": {}}]"}}, {"model": "admin.logentry", "pk": 55, "fields": {"action_time": "2024-06-15T08:07:31.365Z", "user": 1, "content_type": 10, "object_id": "5", "object_repr": "Mostafa-GER : SCO", "action_flag": 1, "change_message": "[{\"added\": {}}]"}}, {"model": "admin.logentry", "pk": 56, "fields": {"action_time": "2024-06-15T08:07:45.782Z", "user": 1, "content_type": 10, "object_id": "6", "object_repr": "Mostafa-HUN : SWI", "action_flag": 1, "change_message": "[{\"added\": {}}]"}}, {"model": "admin.logentry", "pk": 57, "fields": {"action_time": "2024-06-15T08:08:29.471Z", "user": 1, "content_type": 10, "object_id": "7", "object_repr": "Mostafa - ESP : COR", "action_flag": 1, "change_message": "[{\"added\": {}}]"}}, {"model": "admin.logentry", "pk": 58, "fields": {"action_time": "2024-06-15T08:08:43.983Z", "user": 1, "content_type": 10, "object_id": "8", "object_repr": "Mostafa - ITA : ALB", "action_flag": 1, "change_message": "[{\"added\": {}}]"}}, {"model": "admin.logentry", "pk": 59, "fields": {"action_time": "2024-06-15T08:58:16.852Z", "user": 1, "content_type": 8, "object_id": "1", "object_repr": "GER : SCO", "action_flag": 2, "change_message": "[{\"changed\": {\"fields\": [\"Team 1 Goals\", \"Team 2 Goals\", \"Played?\"]}}]"}}, {"model": "admin.logentry", "pk": 60, "fields": {"action_time": "2024-06-15T09:25:00.234Z", "user": 1, "content_type": 8, "object_id": "5", "object_repr": "ITA : GER", "action_flag": 1, "change_message": "[{\"added\": {}}]"}}, {"model": "admin.logentry", "pk": 61, "fields": {"action_time": "2024-06-15T09:25:16.206Z", "user": 1, "content_type": 10, "object_id": "9", "object_repr": "Mostafa - ITA : GER", "action_flag": 1, "change_message": "[{\"added\": {}}]"}}, {"model": "admin.logentry", "pk": 62, "fields": {"action_time": "2024-06-15T09:25:41.247Z", "user": 1, "content_type": 8, "object_id": "6", "object_repr": "ITA : GER", "action_flag": 1, "change_message": "[{\"added\": {}}]"}}, {"model": "admin.logentry", "pk": 63, "fields": {"action_time": "2024-06-15T09:26:02.416Z", "user": 1, "content_type": 8, "object_id": "6", "object_repr": "ITA : GER", "action_flag": 3, "change_message": ""}}, {"model": "admin.logentry", "pk": 64, "fields": {"action_time": "2024-06-15T09:26:02.421Z", "user": 1, "content_type": 8, "object_id": "5", "object_repr": "ITA : GER", "action_flag": 3, "change_message": ""}}, {"model": "admin.logentry", "pk": 65, "fields": {"action_time": "2024-06-16T06:20:37.746Z", "user": 1, "content_type": 7, "object_id": "6", "object_repr": "Mohammad", "action_flag": 2, "change_message": "[{\"changed\": {\"fields\": [\"Points\"]}}]"}}, {"model": "admin.logentry", "pk": 66, "fields": {"action_time": "2024-06-16T06:20:41.513Z", "user": 1, "content_type": 7, "object_id": "5", "object_repr": "Tannaz", "action_flag": 2, "change_message": "[{\"changed\": {\"fields\": [\"Points\"]}}]"}}, {"model": "admin.logentry", "pk": 67, "fields": {"action_time": "2024-06-16T06:20:46.567Z", "user": 1, "content_type": 7, "object_id": "4", "object_repr": "Negar", "action_flag": 2, "change_message": "[{\"changed\": {\"fields\": [\"Points\"]}}]"}}, {"model": "admin.logentry", "pk": 68, "fields": {"action_time": "2024-06-16T06:20:50.058Z", "user": 1, "content_type": 7, "object_id": "3", "object_repr": "Hosein", "action_flag": 2, "change_message": "[{\"changed\": {\"fields\": [\"Points\"]}}]"}}, {"model": "admin.logentry", "pk": 69, "fields": {"action_time": "2024-06-16T06:20:53.847Z", "user": 1, "content_type": 7, "object_id": "2", "object_repr": "Mostafa", "action_flag": 2, "change_message": "[{\"changed\": {\"fields\": [\"Points\"]}}]"}}, {"model": "admin.logentry", "pk": 70, "fields": {"action_time": "2024-06-16T06:20:57.507Z", "user": 1, "content_type": 7, "object_id": "1", "object_repr": "Amin", "action_flag": 2, "change_message": "[{\"changed\": {\"fields\": [\"Points\"]}}]"}}, {"model": "admin.logentry", "pk": 71, "fields": {"action_time": "2024-06-16T07:14:59.270Z", "user": 1, "content_type": 7, "object_id": "2", "object_repr": "Mostafa", "action_flag": 2, "change_message": "[{\"changed\": {\"fields\": [\"Points\"]}}]"}}, {"model": "admin.logentry", "pk": 72, "fields": {"action_time": "2024-06-16T07:15:08.630Z", "user": 1, "content_type": 7, "object_id": "1", "object_repr": "Amin", "action_flag": 2, "change_message": "[{\"changed\": {\"fields\": [\"Points\"]}}]"}}, {"model": "admin.logentry", "pk": 73, "fields": {"action_time": "2024-06-16T07:16:11.802Z", "user": 1, "content_type": 10, "object_id": "5", "object_repr": "Mostafa - GER : SCO", "action_flag": 2, "change_message": "[{\"changed\": {\"fields\": [\"Is Calculated\"]}}]"}}, {"model": "admin.logentry", "pk": 74, "fields": {"action_time": "2024-06-16T07:16:24.224Z", "user": 1, "content_type": 10, "object_id": "1", "object_repr": "Amin - GER : SCO", "action_flag": 2, "change_message": "[{\"changed\": {\"fields\": [\"Is Calculated\"]}}]"}}, {"model": "admin.logentry", "pk": 75, "fields": {"action_time": "2024-06-16T07:17:04.361Z", "user": 1, "content_type": 10, "object_id": "9", "object_repr": "Hosein - GER : SCO", "action_flag": 1, "change_message": "[{\"added\": {}}]"}}, {"model": "admin.logentry", "pk": 76, "fields": {"action_time": "2024-06-16T07:17:15.722Z", "user": 1, "content_type": 10, "object_id": "10", "object_repr": "Hosein - HUN : SWI", "action_flag": 1, "change_message": "[{\"added\": {}}]"}}, {"model": "admin.logentry", "pk": 77, "fields": {"action_time": "2024-06-16T07:17:23.386Z", "user": 1, "content_type": 10, "object_id": "11", "object_repr": "Hosein - ESP : COR", "action_flag": 1, "change_message": "[{\"added\": {}}]"}}, {"model": "admin.logentry", "pk": 78, "fields": {"action_time": "2024-06-16T07:17:45.613Z", "user": 1, "content_type": 10, "object_id": "12", "object_repr": "Hosein - ITA : ALB", "action_flag": 1, "change_message": "[{\"added\": {}}]"}}, {"model": "admin.logentry", "pk": 79, "fields": {"action_time": "2024-06-16T07:18:00.948Z", "user": 1, "content_type": 10, "object_id": "13", "object_repr": "Negar - GER : SCO", "action_flag": 1, "change_message": "[{\"added\": {}}]"}}, {"model": "admin.logentry", "pk": 80, "fields": {"action_time": "2024-06-16T07:18:17.471Z", "user": 1, "content_type": 10, "object_id": "14", "object_repr": "Negar - HUN : SWI", "action_flag": 1, "change_message": "[{\"added\": {}}]"}}, {"model": "admin.logentry", "pk": 81, "fields": {"action_time": "2024-06-16T07:18:29.269Z", "user": 1, "content_type": 10, "object_id": "15", "object_repr": "Negar - ESP : COR", "action_flag": 1, "change_message": "[{\"added\": {}}]"}}, {"model": "admin.logentry", "pk": 82, "fields": {"action_time": "2024-06-16T07:18:40.842Z", "user": 1, "content_type": 10, "object_id": "16", "object_repr": "Negar - ITA : ALB", "action_flag": 1, "change_message": "[{\"added\": {}}]"}}, {"model": "admin.logentry", "pk": 83, "fields": {"action_time": "2024-06-16T07:18:51.692Z", "user": 1, "content_type": 10, "object_id": "17", "object_repr": "Tannaz - GER : SCO", "action_flag": 1, "change_message": "[{\"added\": {}}]"}}, {"model": "admin.logentry", "pk": 84, "fields": {"action_time": "2024-06-16T07:19:07.415Z", "user": 1, "content_type": 10, "object_id": "18", "object_repr": "Tannaz - HUN : SWI", "action_flag": 1, "change_message": "[{\"added\": {}}]"}}, {"model": "admin.logentry", "pk": 85, "fields": {"action_time": "2024-06-16T07:19:17.292Z", "user": 1, "content_type": 10, "object_id": "19", "object_repr": "Tannaz - ESP : COR", "action_flag": 1, "change_message": "[{\"added\": {}}]"}}, {"model": "admin.logentry", "pk": 86, "fields": {"action_time": "2024-06-16T07:19:28.774Z", "user": 1, "content_type": 10, "object_id": "20", "object_repr": "Tannaz - ITA : ALB", "action_flag": 1, "change_message": "[{\"added\": {}}]"}}, {"model": "admin.logentry", "pk": 87, "fields": {"action_time": "2024-06-16T07:19:38.160Z", "user": 1, "content_type": 10, "object_id": "21", "object_repr": "Mohammad - GER : SCO", "action_flag": 1, "change_message": "[{\"added\": {}}]"}}, {"model": "admin.logentry", "pk": 88, "fields": {"action_time": "2024-06-16T07:19:47.015Z", "user": 1, "content_type": 10, "object_id": "22", "object_repr": "Mohammad - HUN : SWI", "action_flag": 1, "change_message": "[{\"added\": {}}]"}}, {"model": "admin.logentry", "pk": 89, "fields": {"action_time": "2024-06-16T07:19:56.734Z", "user": 1, "content_type": 10, "object_id": "23", "object_repr": "Mohammad - ESP : COR", "action_flag": 1, "change_message": "[{\"added\": {}}]"}}, {"model": "admin.logentry", "pk": 90, "fields": {"action_time": "2024-06-16T07:20:14.109Z", "user": 1, "content_type": 10, "object_id": "24", "object_repr": "Mohammad - ITA : ALB", "action_flag": 1, "change_message": "[{\"added\": {}}]"}}, {"model": "admin.logentry", "pk": 91, "fields": {"action_time": "2024-06-16T07:20:53.919Z", "user": 1, "content_type": 8, "object_id": "2", "object_repr": "HUN : SWI", "action_flag": 2, "change_message": "[{\"changed\": {\"fields\": [\"Team 1 Goals\", \"Team 2 Goals\", \"Played?\"]}}]"}}, {"model": "admin.logentry", "pk": 92, "fields": {"action_time": "2024-06-16T07:21:04.138Z", "user": 1, "content_type": 8, "object_id": "3", "object_repr": "ESP : COR", "action_flag": 2, "change_message": "[{\"changed\": {\"fields\": [\"Team 1 Goals\", \"Team 2 Goals\", \"Played?\"]}}]"}}, {"model": "admin.logentry", "pk": 93, "fields": {"action_time": "2024-06-16T07:21:12.240Z", "user": 1, "content_type": 8, "object_id": "4", "object_repr": "ITA : ALB", "action_flag": 2, "change_message": "[{\"changed\": {\"fields\": [\"Team 1 Goals\", \"Team 2 Goals\", \"Played?\"]}}]"}}, {"model": "admin.logentry", "pk": 94, "fields": {"action_time": "2024-06-16T07:24:31.889Z", "user": 1, "content_type": 10, "object_id": "19", "object_repr": "Tannaz - ESP : COR", "action_flag": 2, "change_message": "[{\"changed\": {\"fields\": [\"Team 2 Prediction\", \"Is Calculated\"]}}]"}}, {"model": "admin.logentry", "pk": 95, "fields": {"action_time": "2024-06-16T11:35:34.994Z", "user": 1, "content_type": 10, "object_id": "38", "object_repr": "Amin - SVN : DEN", "action_flag": 2, "change_message": "[{\"changed\": {\"fields\": [\"Team 2 Prediction\"]}}]"}}, {"model": "admin.logentry", "pk": 96, "fields": {"action_time": "2024-06-16T11:35:45.882Z", "user": 1, "content_type": 10, "object_id": "39", "object_repr": "Amin - SRB : ENG", "action_flag": 2, "change_message": "[{\"changed\": {\"fields\": [\"Team 1 Prediction\"]}}]"}}, {"model": "admin.logentry", "pk": 97, "fields": {"action_time": "2024-06-16T11:35:57.688Z", "user": 1, "content_type": 10, "object_id": "40", "object_repr": "Amin - ROU : UKR", "action_flag": 2, "change_message": "[{\"changed\": {\"fields\": [\"Team 1 Prediction\", \"Team 2 Prediction\"]}}]"}}, {"model": "admin.logentry", "pk": 98, "fields": {"action_time": "2024-06-16T12:10:44.467Z", "user": 1, "content_type": 10, "object_id": "54", "object_repr": "Mostafa - AUT : FRA", "action_flag": 2, "change_message": "[{\"changed\": {\"fields\": [\"Team 2 Prediction\"]}}]"}}, {"model": "admin.logentry", "pk": 99, "fields": {"action_time": "2024-06-18T06:47:03.841Z", "user": 1, "content_type": 8, "object_id": "7", "object_repr": "POL : NLD", "action_flag": 2, "change_message": "[{\"changed\": {\"fields\": [\"Team 1 Goals\", \"Team 2 Goals\", \"Played?\"]}}]"}}, {"model": "admin.logentry", "pk": 100, "fields": {"action_time": "2024-06-18T06:47:32.033Z", "user": 1, "content_type": 8, "object_id": "8", "object_repr": "SVN : DEN", "action_flag": 2, "change_message": "[{\"changed\": {\"fields\": [\"Team 1 Goals\", \"Team 2 Goals\", \"Played?\"]}}]"}}, {"model": "admin.logentry", "pk": 101, "fields": {"action_time": "2024-06-18T06:47:52.119Z", "user": 1, "content_type": 8, "object_id": "9", "object_repr": "SRB : ENG", "action_flag": 2, "change_message": "[{\"changed\": {\"fields\": [\"Team 1 Goals\", \"Team 2 Goals\", \"Played?\"]}}]"}}, {"model": "admin.logentry", "pk": 102, "fields": {"action_time": "2024-06-18T06:48:25.044Z", "user": 1, "content_type": 8, "object_id": "10", "object_repr": "ROU : UKR", "action_flag": 2, "change_message": "[{\"changed\": {\"fields\": [\"Team 1 Goals\", \"Team 2 Goals\", \"Played?\"]}}]"}}, {"model": "admin.logentry", "pk": 103, "fields": {"action_time": "2024-06-18T06:48:34.089Z", "user": 1, "content_type": 8, "object_id": "11", "object_repr": "BEL : SVK", "action_flag": 2, "change_message": "[{\"changed\": {\"fields\": [\"Team 1 Goals\", \"Team 2 Goals\", \"Played?\"]}}]"}}, {"model": "admin.logentry", "pk": 104, "fields": {"action_time": "2024-06-18T06:49:01.865Z", "user": 1, "content_type": 8, "object_id": "12", "object_repr": "AUT : FRA", "action_flag": 2, "change_message": "[{\"changed\": {\"fields\": [\"Team 1 Goals\", \"Team 2 Goals\", \"Played?\"]}}]"}}, {"model": "admin.logentry", "pk": 105, "fields": {"action_time": "2024-06-19T07:02:44.951Z", "user": 1, "content_type": 8, "object_id": "13", "object_repr": "TUR : GEO", "action_flag": 2, "change_message": "[{\"changed\": {\"fields\": [\"Team 1 Goals\", \"Team 2 Goals\", \"Played?\"]}}]"}}, {"model": "admin.logentry", "pk": 106, "fields": {"action_time": "2024-06-19T07:02:56.923Z", "user": 1, "content_type": 8, "object_id": "14", "object_repr": "POR : CZE", "action_flag": 2, "change_message": "[{\"changed\": {\"fields\": [\"Team 1 Goals\", \"Team 2 Goals\", \"Played?\"]}}]"}}, {"model": "admin.logentry", "pk": 107, "fields": {"action_time": "2024-06-19T07:18:49.316Z", "user": 1, "content_type": 7, "object_id": "1", "object_repr": "Amin", "action_flag": 2, "change_message": "[{\"changed\": {\"fields\": [\"Points\"]}}]"}}, {"model": "admin.logentry", "pk": 108, "fields": {"action_time": "2024-06-20T06:14:21.263Z", "user": 1, "content_type": 8, "object_id": "15", "object_repr": "COR : ALB", "action_flag": 2, "change_message": "[{\"changed\": {\"fields\": [\"Team 1 Goals\", \"Team 2 Goals\", \"Played?\"]}}]"}}, {"model": "admin.logentry", "pk": 109, "fields": {"action_time": "2024-06-20T06:14:30.363Z", "user": 1, "content_type": 8, "object_id": "16", "object_repr": "GER : HUN", "action_flag": 2, "change_message": "[{\"changed\": {\"fields\": [\"Team 1 Goals\", \"Team 2 Goals\", \"Played?\"]}}]"}}, {"model": "admin.logentry", "pk": 110, "fields": {"action_time": "2024-06-20T06:14:49.486Z", "user": 1, "content_type": 8, "object_id": "17", "object_repr": "SCO : SWI", "action_flag": 2, "change_message": "[{\"changed\": {\"fields\": [\"Team 1 Goals\", \"Team 2 Goals\", \"Played?\"]}}]"}}, {"model": "admin.logentry", "pk": 111, "fields": {"action_time": "2024-06-20T10:03:31.771Z", "user": 1, "content_type": 8, "object_id": "19", "object_repr": "SVN : SRB", "action_flag": 3, "change_message": ""}}, {"model": "admin.logentry", "pk": 112, "fields": {"action_time": "2024-06-20T10:06:57.989Z", "user": 1, "content_type": 10, "object_id": "91", "object_repr": "Hosein - SVN : SRB", "action_flag": 3, "change_message": ""}}, {"model": "admin.logentry", "pk": 113, "fields": {"action_time": "2024-06-20T15:23:46.178Z", "user": 1, "content_type": 8, "object_id": "18", "object_repr": "SVN : SRB", "action_flag": 2, "change_message": "[{\"changed\": {\"fields\": [\"Team 1 Goals\", \"Team 2 Goals\", \"Played?\"]}}]"}}, {"model": "admin.logentry", "pk": 114, "fields": {"action_time": "2024-06-21T08:12:09.791Z", "user": 1, "content_type": 8, "object_id": "20", "object_repr": "DEN : ENG", "action_flag": 2, "change_message": "[{\"changed\": {\"fields\": [\"Team 1 Goals\", \"Team 2 Goals\", \"Played?\"]}}]"}}, {"model": "admin.logentry", "pk": 115, "fields": {"action_time": "2024-06-21T08:12:18.511Z", "user": 1, "content_type": 8, "object_id": "21", "object_repr": "ESP : ITA", "action_flag": 2, "change_message": "[{\"changed\": {\"fields\": [\"Team 1 Goals\", \"Team 2 Goals\", \"Played?\"]}}]"}}, {"model": "admin.logentry", "pk": 116, "fields": {"action_time": "2024-06-21T08:25:55.222Z", "user": 1, "content_type": 10, "object_id": "109", "object_repr": "Mohammad - ESP : ITA", "action_flag": 2, "change_message": "[{\"changed\": {\"fields\": [\"Is Calculated\"]}}]"}}, {"model": "admin.logentry", "pk": 117, "fields": {"action_time": "2024-06-21T08:25:59.217Z", "user": 1, "content_type": 10, "object_id": "108", "object_repr": "Tannaz - ESP : ITA", "action_flag": 2, "change_message": "[{\"changed\": {\"fields\": [\"Is Calculated\"]}}]"}}, {"model": "admin.logentry", "pk": 118, "fields": {"action_time": "2024-06-21T08:26:02.776Z", "user": 1, "content_type": 10, "object_id": "107", "object_repr": "Negar - ESP : ITA", "action_flag": 2, "change_message": "[{\"changed\": {\"fields\": [\"Is Calculated\"]}}]"}}, {"model": "admin.logentry", "pk": 119, "fields": {"action_time": "2024-06-21T08:26:07.365Z", "user": 1, "content_type": 10, "object_id": "105", "object_repr": "Mostafa - ESP : ITA", "action_flag": 2, "change_message": "[{\"changed\": {\"fields\": [\"Is Calculated\"]}}]"}}, {"model": "admin.logentry", "pk": 120, "fields": {"action_time": "2024-06-21T08:26:10.644Z", "user": 1, "content_type": 10, "object_id": "106", "object_repr": "Hosein - ESP : ITA", "action_flag": 2, "change_message": "[{\"changed\": {\"fields\": [\"Is Calculated\"]}}]"}}, {"model": "admin.logentry", "pk": 121, "fields": {"action_time": "2024-06-21T08:26:15.210Z", "user": 1, "content_type": 10, "object_id": "104", "object_repr": "Amin - ESP : ITA", "action_flag": 2, "change_message": "[{\"changed\": {\"fields\": [\"Is Calculated\"]}}]"}}, {"model": "admin.logentry", "pk": 122, "fields": {"action_time": "2024-06-21T08:26:24.570Z", "user": 1, "content_type": 7, "object_id": "4", "object_repr": "Negar", "action_flag": 2, "change_message": "[{\"changed\": {\"fields\": [\"Points\"]}}]"}}, {"model": "admin.logentry", "pk": 123, "fields": {"action_time": "2024-06-21T08:26:30.740Z", "user": 1, "content_type": 7, "object_id": "5", "object_repr": "Tannaz", "action_flag": 2, "change_message": "[{\"changed\": {\"fields\": [\"Points\"]}}]"}}, {"model": "admin.logentry", "pk": 124, "fields": {"action_time": "2024-06-21T08:26:36.853Z", "user": 1, "content_type": 7, "object_id": "6", "object_repr": "Mohammad", "action_flag": 2, "change_message": "[{\"changed\": {\"fields\": [\"Points\"]}}]"}}, {"model": "admin.logentry", "pk": 125, "fields": {"action_time": "2024-06-21T08:26:42.795Z", "user": 1, "content_type": 7, "object_id": "2", "object_repr": "Mostafa", "action_flag": 2, "change_message": "[]"}}, {"model": "admin.logentry", "pk": 126, "fields": {"action_time": "2024-06-21T08:26:51.327Z", "user": 1, "content_type": 7, "object_id": "3", "object_repr": "Hosein", "action_flag": 2, "change_message": "[{\"changed\": {\"fields\": [\"Points\"]}}]"}}, {"model": "admin.logentry", "pk": 127, "fields": {"action_time": "2024-06-22T06:17:56.674Z", "user": 1, "content_type": 8, "object_id": "22", "object_repr": "SVK : UKR", "action_flag": 2, "change_message": "[{\"changed\": {\"fields\": [\"Team 1 Goals\", \"Team 2 Goals\", \"Played?\"]}}]"}}, {"model": "admin.logentry", "pk": 128, "fields": {"action_time": "2024-06-22T06:18:06.018Z", "user": 1, "content_type": 8, "object_id": "23", "object_repr": "POL : AUT", "action_flag": 2, "change_message": "[{\"changed\": {\"fields\": [\"Team 1 Goals\", \"Team 2 Goals\", \"Played?\"]}}]"}}, {"model": "admin.logentry", "pk": 129, "fields": {"action_time": "2024-06-22T06:18:15.609Z", "user": 1, "content_type": 8, "object_id": "24", "object_repr": "NLD : FRA", "action_flag": 2, "change_message": "[{\"changed\": {\"fields\": [\"Team 1 Goals\", \"Team 2 Goals\", \"Played?\"]}}]"}}, {"model": "admin.logentry", "pk": 130, "fields": {"action_time": "2024-06-23T06:35:25.726Z", "user": 1, "content_type": 8, "object_id": "25", "object_repr": "GEO : CZE", "action_flag": 2, "change_message": "[{\"changed\": {\"fields\": [\"Team 1 Goals\", \"Team 2 Goals\", \"Played?\"]}}]"}}, {"model": "admin.logentry", "pk": 131, "fields": {"action_time": "2024-06-23T06:35:54.456Z", "user": 1, "content_type": 8, "object_id": "26", "object_repr": "TUR : POR", "action_flag": 2, "change_message": "[{\"changed\": {\"fields\": [\"Team 1 Goals\", \"Team 2 Goals\", \"Played?\"]}}]"}}, {"model": "admin.logentry", "pk": 132, "fields": {"action_time": "2024-06-23T06:36:04.025Z", "user": 1, "content_type": 8, "object_id": "27", "object_repr": "BEL : ROU", "action_flag": 2, "change_message": "[{\"changed\": {\"fields\": [\"Team 1 Goals\", \"Team 2 Goals\", \"Played?\"]}}]"}}, {"model": "admin.logentry", "pk": 133, "fields": {"action_time": "2024-06-24T06:35:02.194Z", "user": 1, "content_type": 8, "object_id": "28", "object_repr": "SWI : GER", "action_flag": 2, "change_message": "[{\"changed\": {\"fields\": [\"Team 1 Goals\", \"Team 2 Goals\", \"Played?\"]}}]"}}, {"model": "admin.logentry", "pk": 134, "fields": {"action_time": "2024-06-24T06:35:11.218Z", "user": 1, "content_type": 8, "object_id": "29", "object_repr": "SCO : HUN", "action_flag": 2, "change_message": "[{\"changed\": {\"fields\": [\"Team 1 Goals\", \"Team 2 Goals\", \"Played?\"]}}]"}}, {"model": "auth.permission", "pk": 1, "fields": {"name": "Can add log entry", "content_type": 1, "codename": "add_logentry"}}, {"model": "auth.permission", "pk": 2, "fields": {"name": "Can change log entry", "content_type": 1, "codename": "change_logentry"}}, {"model": "auth.permission", "pk": 3, "fields": {"name": "Can delete log entry", "content_type": 1, "codename": "delete_logentry"}}, {"model": "auth.permission", "pk": 4, "fields": {"name": "Can view log entry", "content_type": 1, "codename": "view_logentry"}}, {"model": "auth.permission", "pk": 5, "fields": {"name": "Can add permission", "content_type": 2, "codename": "add_permission"}}, {"model": "auth.permission", "pk": 6, "fields": {"name": "Can change permission", "content_type": 2, "codename": "change_permission"}}, {"model": "auth.permission", "pk": 7, "fields": {"name": "Can delete permission", "content_type": 2, "codename": "delete_permission"}}, {"model": "auth.permission", "pk": 8, "fields": {"name": "Can view permission", "content_type": 2, "codename": "view_permission"}}, {"model": "auth.permission", "pk": 9, "fields": {"name": "Can add group", "content_type": 3, "codename": "add_group"}}, {"model": "auth.permission", "pk": 10, "fields": {"name": "Can change group", "content_type": 3, "codename": "change_group"}}, {"model": "auth.permission", "pk": 11, "fields": {"name": "Can delete group", "content_type": 3, "codename": "delete_group"}}, {"model": "auth.permission", "pk": 12, "fields": {"name": "Can view group", "content_type": 3, "codename": "view_group"}}, {"model": "auth.permission", "pk": 13, "fields": {"name": "Can add user", "content_type": 4, "codename": "add_user"}}, {"model": "auth.permission", "pk": 14, "fields": {"name": "Can change user", "content_type": 4, "codename": "change_user"}}, {"model": "auth.permission", "pk": 15, "fields": {"name": "Can delete user", "content_type": 4, "codename": "delete_user"}}, {"model": "auth.permission", "pk": 16, "fields": {"name": "Can view user", "content_type": 4, "codename": "view_user"}}, {"model": "auth.permission", "pk": 17, "fields": {"name": "Can add content type", "content_type": 5, "codename": "add_contenttype"}}, {"model": "auth.permission", "pk": 18, "fields": {"name": "Can change content type", "content_type": 5, "codename": "change_contenttype"}}, {"model": "auth.permission", "pk": 19, "fields": {"name": "Can delete content type", "content_type": 5, "codename": "delete_contenttype"}}, {"model": "auth.permission", "pk": 20, "fields": {"name": "Can view content type", "content_type": 5, "codename": "view_contenttype"}}, {"model": "auth.permission", "pk": 21, "fields": {"name": "Can add session", "content_type": 6, "codename": "add_session"}}, {"model": "auth.permission", "pk": 22, "fields": {"name": "Can change session", "content_type": 6, "codename": "change_session"}}, {"model": "auth.permission", "pk": 23, "fields": {"name": "Can delete session", "content_type": 6, "codename": "delete_session"}}, {"model": "auth.permission", "pk": 24, "fields": {"name": "Can view session", "content_type": 6, "codename": "view_session"}}, {"model": "auth.permission", "pk": 25, "fields": {"name": "Can add Person", "content_type": 7, "codename": "add_person"}}, {"model": "auth.permission", "pk": 26, "fields": {"name": "Can change Person", "content_type": 7, "codename": "change_person"}}, {"model": "auth.permission", "pk": 27, "fields": {"name": "Can delete Person", "content_type": 7, "codename": "delete_person"}}, {"model": "auth.permission", "pk": 28, "fields": {"name": "Can view Person", "content_type": 7, "codename": "view_person"}}, {"model": "auth.permission", "pk": 29, "fields": {"name": "Can add Match", "content_type": 8, "codename": "add_match"}}, {"model": "auth.permission", "pk": 30, "fields": {"name": "Can change Match", "content_type": 8, "codename": "change_match"}}, {"model": "auth.permission", "pk": 31, "fields": {"name": "Can delete Match", "content_type": 8, "codename": "delete_match"}}, {"model": "auth.permission", "pk": 32, "fields": {"name": "Can view Match", "content_type": 8, "codename": "view_match"}}, {"model": "auth.permission", "pk": 33, "fields": {"name": "Can add Team", "content_type": 9, "codename": "add_team"}}, {"model": "auth.permission", "pk": 34, "fields": {"name": "Can change Team", "content_type": 9, "codename": "change_team"}}, {"model": "auth.permission", "pk": 35, "fields": {"name": "Can delete Team", "content_type": 9, "codename": "delete_team"}}, {"model": "auth.permission", "pk": 36, "fields": {"name": "Can view Team", "content_type": 9, "codename": "view_team"}}, {"model": "auth.permission", "pk": 37, "fields": {"name": "Can add Prediction", "content_type": 10, "codename": "add_prediction"}}, {"model": "auth.permission", "pk": 38, "fields": {"name": "Can change Prediction", "content_type": 10, "codename": "change_prediction"}}, {"model": "auth.permission", "pk": 39, "fields": {"name": "Can delete Prediction", "content_type": 10, "codename": "delete_prediction"}}, {"model": "auth.permission", "pk": 40, "fields": {"name": "Can view Prediction", "content_type": 10, "codename": "view_prediction"}}, {"model": "auth.user", "pk": 1, "fields": {"password": "pbkdf2_sha256$720000$n0aQZiMHs94dmqnpb2GF4n$uYbE/UUomwaZ1PwGMK/g5MZjhYygvcZm0Jjn7VE8xXY=", "last_login": "2024-06-24T06:30:10.500Z", "is_superuser": true, "username": "hosei", "first_name": "", "last_name": "", "email": "", "is_staff": true, "is_active": true, "date_joined": "2024-06-15T06:43:52.543Z", "groups": [], "user_permissions": []}}, {"model": "contenttypes.contenttype", "pk": 1, "fields": {"app_label": "admin", "model": "logentry"}}, {"model": "contenttypes.contenttype", "pk": 2, "fields": {"app_label": "auth", "model": "permission"}}, {"model": "contenttypes.contenttype", "pk": 3, "fields": {"app_label": "auth", "model": "group"}}, {"model": "contenttypes.contenttype", "pk": 4, "fields": {"app_label": "auth", "model": "user"}}, {"model": "contenttypes.contenttype", "pk": 5, "fields": {"app_label": "contenttypes", "model": "contenttype"}}, {"model": "contenttypes.contenttype", "pk": 6, "fields": {"app_label": "sessions", "model": "session"}}, {"model": "contenttypes.contenttype", "pk": 7, "fields": {"app_label": "Betting", "model": "person"}}, {"model": "contenttypes.contenttype", "pk": 8, "fields": {"app_label": "Betting", "model": "match"}}, {"model": "contenttypes.contenttype", "pk": 9, "fields": {"app_label": "Betting", "model": "team"}}, {"model": "contenttypes.contenttype", "pk": 10, "fields": {"app_label": "Betting", "model": "prediction"}}, {"model": "sessions.session", "pk": "0gnshg3dle12l610cc8bkntnenpgw7lg", "fields": {"session_data": ".eJxVjEsOwjAMBe-SNYqcNG4Slux7hsqxDSmgVupnhbg7VOoCtm9m3sv0tK213xad-0HM2Thz-t0K8UPHHcidxttkeRrXeSh2V-xBF9tNos_L4f4dVFrqtwbv1acUmTK7lAqkXHxqIkK-olCDDEguspYQBCW3oAExtADCjWM17w_Dhjc-:1sLdDO:nSXnqHqM1RMAeWYvRp1oKf64SfEXkqqh20AL4vscAhc", "expire_date": "2024-07-08T06:30:10.504Z"}}, {"model": "sessions.session", "pk": "80i09317rjj00a08s2h31eiqwaj2ksrs", "fields": {"session_data": ".eJxVjEsOwjAMBe-SNYqcNG4Slux7hsqxDSmgVupnhbg7VOoCtm9m3sv0tK213xad-0HM2Thz-t0K8UPHHcidxttkeRrXeSh2V-xBF9tNos_L4f4dVFrqtwbv1acUmTK7lAqkXHxqIkK-olCDDEguspYQBCW3oAExtADCjWM17w_Dhjc-:1sJpKY:s0jRNE1CJVh-Mh0BHwpLvICWLPwT6zOoaZRFPXgUhkw", "expire_date": "2024-07-03T07:02:06.868Z"}}, {"model": "sessions.session", "pk": "ee59ryvfju40so6rzis60jea9mvms7h7", "fields": {"session_data": ".eJxVjEsOwjAMBe-SNYqcNG4Slux7hsqxDSmgVupnhbg7VOoCtm9m3sv0tK213xad-0HM2Thz-t0K8UPHHcidxttkeRrXeSh2V-xBF9tNos_L4f4dVFrqtwbv1acUmTK7lAqkXHxqIkK-olCDDEguspYQBCW3oAExtADCjWM17w_Dhjc-:1sIN8y:kQdqfyi1m1IOG8Ma0xvvKCitgPZ028fIWroy1EkPnbI", "expire_date": "2024-06-29T06:44:08.734Z"}}, {"model": "sessions.session", "pk": "gzg5bitywxu0cjotc70bnx9umwy836wt", "fields": {"session_data": ".eJxVjEsOwjAMBe-SNYqcNG4Slux7hsqxDSmgVupnhbg7VOoCtm9m3sv0tK213xad-0HM2Thz-t0K8UPHHcidxttkeRrXeSh2V-xBF9tNos_L4f4dVFrqtwbv1acUmTK7lAqkXHxqIkK-olCDDEguspYQBCW3oAExtADCjWM17w_Dhjc-:1sKEdP:U0UVHEwNr90DYJdXkoYkEVlD-8Vlw3rd4AVek8vaRnE", "expire_date": "2024-07-04T10:03:15.272Z"}}, {"model": "sessions.session", "pk": "mynuhuprssd9rv03yft42xmlf4yqb64x", "fields": {"session_data": ".eJxVjEsOwjAMBe-SNYqcNG4Slux7hsqxDSmgVupnhbg7VOoCtm9m3sv0tK213xad-0HM2Thz-t0K8UPHHcidxttkeRrXeSh2V-xBF9tNos_L4f4dVFrqtwbv1acUmTK7lAqkXHxqIkK-olCDDEguspYQBCW3oAExtADCjWM17w_Dhjc-:1sLGgd:5lJ1V4hcqjh_iy5-WhuhydLtJgu5mYc3Xj5-ygSb8Cg", "expire_date": "2024-07-07T06:26:51.837Z"}}, {"model": "Betting.team", "pk": "ALB", "fields": {}}, {"model": "Betting.team", "pk": "AUT", "fields": {}}, {"model": "Betting.team", "pk": "BEL", "fields": {}}, {"model": "Betting.team", "pk": "COR", "fields": {}}, {"model": "Betting.team", "pk": "CZE", "fields": {}}, {"model": "Betting.team", "pk": "DEN", "fields": {}}, {"model": "Betting.team", "pk": "ENG", "fields": {}}, {"model": "Betting.team", "pk": "ESP", "fields": {}}, {"model": "Betting.team", "pk": "FRA", "fields": {}}, {"model": "Betting.team", "pk": "GEO", "fields": {}}, {"model": "Betting.team", "pk": "GER", "fields": {}}, {"model": "Betting.team", "pk": "HUN", "fields": {}}, {"model": "Betting.team", "pk": "ITA", "fields": {}}, {"model": "Betting.team", "pk": "NLD", "fields": {}}, {"model": "Betting.team", "pk": "POL", "fields": {}}, {"model": "Betting.team", "pk": "POR", "fields": {}}, {"model": "Betting.team", "pk": "ROU", "fields": {}}, {"model": "Betting.team", "pk": "SCO", "fields": {}}, {"model": "Betting.team", "pk": "SRB", "fields": {}}, {"model": "Betting.team", "pk": "SVK", "fields": {}}, {"model": "Betting.team", "pk": "SVN", "fields": {}}, {"model": "Betting.team", "pk": "SWI", "fields": {}}, {"model": "Betting.team", "pk": "TUR", "fields": {}}, {"model": "Betting.team", "pk": "UKR", "fields": {}}, {"model": "Betting.match", "pk": 1, "fields": {"Team_1": "GER", "Team_2": "SCO", "Team_1_goals": 5, "Team_2_goals": 1, "status": true, "title": "GER : SCO"}}, {"model": "Betting.match", "pk": 2, "fields": {"Team_1": "HUN", "Team_2": "SWI", "Team_1_goals": 1, "Team_2_goals": 3, "status": true, "title": "HUN : SWI"}}, {"model": "Betting.match", "pk": 3, "fields": {"Team_1": "ESP", "Team_2": "COR", "Team_1_goals": 3, "Team_2_goals": 0, "status": true, "title": "ESP : COR"}}, {"model": "Betting.match", "pk": 4, "fields": {"Team_1": "ITA", "Team_2": "ALB", "Team_1_goals": 2, "Team_2_goals": 1, "status": true, "title": "ITA : ALB"}}, {"model": "Betting.match", "pk": 7, "fields": {"Team_1": "POL", "Team_2": "NLD", "Team_1_goals": 1, "Team_2_goals": 2, "status": true, "title": "POL : NLD"}}, {"model": "Betting.match", "pk": 8, "fields": {"Team_1": "SVN", "Team_2": "DEN", "Team_1_goals": 1, "Team_2_goals": 1, "status": true, "title": "SVN : DEN"}}, {"model": "Betting.match", "pk": 9, "fields": {"Team_1": "SRB", "Team_2": "ENG", "Team_1_goals": 0, "Team_2_goals": 1, "status": true, "title": "SRB : ENG"}}, {"model": "Betting.match", "pk": 10, "fields": {"Team_1": "ROU", "Team_2": "UKR", "Team_1_goals": 3, "Team_2_goals": 0, "status": true, "title": "ROU : UKR"}}, {"model": "Betting.match", "pk": 11, "fields": {"Team_1": "BEL", "Team_2": "SVK", "Team_1_goals": 0, "Team_2_goals": 1, "status": true, "title": "BEL : SVK"}}, {"model": "Betting.match", "pk": 12, "fields": {"Team_1": "AUT", "Team_2": "FRA", "Team_1_goals": 0, "Team_2_goals": 1, "status": true, "title": "AUT : FRA"}}, {"model": "Betting.match", "pk": 13, "fields": {"Team_1": "TUR", "Team_2": "GEO", "Team_1_goals": 3, "Team_2_goals": 1, "status": true, "title": "TUR : GEO"}}, {"model": "Betting.match", "pk": 14, "fields": {"Team_1": "POR", "Team_2": "CZE", "Team_1_goals": 2, "Team_2_goals": 1, "status": true, "title": "POR : CZE"}}, {"model": "Betting.match", "pk": 15, "fields": {"Team_1": "COR", "Team_2": "ALB", "Team_1_goals": 2, "Team_2_goals": 2, "status": true, "title": "COR : ALB"}}, {"model": "Betting.match", "pk": 16, "fields": {"Team_1": "GER", "Team_2": "HUN", "Team_1_goals": 2, "Team_2_goals": 0, "status": true, "title": "GER : HUN"}}, {"model": "Betting.match", "pk": 17, "fields": {"Team_1": "SCO", "Team_2": "SWI", "Team_1_goals": 1, "Team_2_goals": 1, "status": true, "title": "SCO : SWI"}}, {"model": "Betting.match", "pk": 18, "fields": {"Team_1": "SVN", "Team_2": "SRB", "Team_1_goals": 1, "Team_2_goals": 1, "status": true, "title": "SVN : SRB"}}, {"model": "Betting.match", "pk": 20, "fields": {"Team_1": "DEN", "Team_2": "ENG", "Team_1_goals": 1, "Team_2_goals": 1, "status": true, "title": "DEN : ENG"}}, {"model": "Betting.match", "pk": 21, "fields": {"Team_1": "ESP", "Team_2": "ITA", "Team_1_goals": 1, "Team_2_goals": 0, "status": true, "title": "ESP : ITA"}}, {"model": "Betting.match", "pk": 22, "fields": {"Team_1": "SVK", "Team_2": "UKR", "Team_1_goals": 1, "Team_2_goals": 2, "status": true, "title": "SVK : UKR"}}, {"model": "Betting.match", "pk": 23, "fields": {"Team_1": "POL", "Team_2": "AUT", "Team_1_goals": 1, "Team_2_goals": 3, "status": true, "title": "POL : AUT"}}, {"model": "Betting.match", "pk": 24, "fields": {"Team_1": "NLD", "Team_2": "FRA", "Team_1_goals": 0, "Team_2_goals": 0, "status": true, "title": "NLD : FRA"}}, {"model": "Betting.match", "pk": 25, "fields": {"Team_1": "GEO", "Team_2": "CZE", "Team_1_goals": 1, "Team_2_goals": 1, "status": true, "title": "GEO : CZE"}}, {"model": "Betting.match", "pk": 26, "fields": {"Team_1": "TUR", "Team_2": "POR", "Team_1_goals": 0, "Team_2_goals": 3, "status": true, "title": "TUR : POR"}}, {"model": "Betting.match", "pk": 27, "fields": {"Team_1": "BEL", "Team_2": "ROU", "Team_1_goals": 2, "Team_2_goals": 0, "status": true, "title": "BEL : ROU"}}, {"model": "Betting.match", "pk": 28, "fields": {"Team_1": "SWI", "Team_2": "GER", "Team_1_goals": 1, "Team_2_goals": 1, "status": true, "title": "SWI : GER"}}, {"model": "Betting.match", "pk": 29, "fields": {"Team_1": "SCO", "Team_2": "HUN", "Team_1_goals": 0, "Team_2_goals": 1, "status": true, "title": "SCO : HUN"}}, {"model": "Betting.match", "pk": 30, "fields": {"Team_1": "ALB", "Team_2": "ESP", "Team_1_goals": null, "Team_2_goals": null, "status": false, "title": "ALB : ESP"}}, {"model": "Betting.match", "pk": 31, "fields": {"Team_1": "COR", "Team_2": "ITA", "Team_1_goals": null, "Team_2_goals": null, "status": false, "title": "COR : ITA"}}, {"model": "Betting.match", "pk": 32, "fields": {"Team_1": "FRA", "Team_2": "POL", "Team_1_goals": null, "Team_2_goals": null, "status": false, "title": "FRA : POL"}}, {"model": "Betting.match", "pk": 33, "fields": {"Team_1": "NLD", "Team_2": "AUT", "Team_1_goals": null, "Team_2_goals": null, "status": false, "title": "NLD : AUT"}}, {"model": "Betting.match", "pk": 34, "fields": {"Team_1": "DEN", "Team_2": "SRB", "Team_1_goals": null, "Team_2_goals": null, "status": false, "title": "DEN : SRB"}}, {"model": "Betting.match", "pk": 35, "fields": {"Team_1": "ENG", "Team_2": "SVN", "Team_1_goals": null, "Team_2_goals": null, "status": false, "title": "ENG : SVN"}}, {"model": "Betting.person", "pk": 1, "fields": {"name": "Amin", "points": 87}}, {"model": "Betting.person", "pk": 2, "fields": {"name": "Mostafa", "points": 64}}, {"model": "Betting.person", "pk": 3, "fields": {"name": "Hosein", "points": 69}}, {"model": "Betting.person", "pk": 4, "fields": {"name": "Negar", "points": 96}}, {"model": "Betting.person", "pk": 5, "fields": {"name": "Tannaz", "points": 79}}, {"model": "Betting.person", "pk": 6, "fields": {"name": "Mohammad", "points": 93}}, {"model": "Betting.prediction", "pk": 1, "fields": {"person": 1, "match": 1, "Team_1_pred": 3, "Team_2_pred": 0, "calculated": true}}, {"model": "Betting.prediction", "pk": 2, "fields": {"person": 1, "match": 2, "Team_1_pred": 2, "Team_2_pred": 2, "calculated": true}}, {"model": "Betting.prediction", "pk": 3, "fields": {"person": 1, "match": 3, "Team_1_pred": 3, "Team_2_pred": 1, "calculated": true}}, {"model": "Betting.prediction", "pk": 4, "fields": {"person": 1, "match": 4, "Team_1_pred": 2, "Team_2_pred": 0, "calculated": true}}, {"model": "Betting.prediction", "pk": 5, "fields": {"person": 2, "match": 1, "Team_1_pred": 4, "Team_2_pred": 0, "calculated": true}}, {"model": "Betting.prediction", "pk": 6, "fields": {"person": 2, "match": 2, "Team_1_pred": 0, "Team_2_pred": 2, "calculated": true}}, {"model": "Betting.prediction", "pk": 7, "fields": {"person": 2, "match": 3, "Team_1_pred": 2, "Team_2_pred": 1, "calculated": true}}, {"model": "Betting.prediction", "pk": 8, "fields": {"person": 2, "match": 4, "Team_1_pred": 2, "Team_2_pred": 0, "calculated": true}}, {"model": "Betting.prediction", "pk": 9, "fields": {"person": 3, "match": 1, "Team_1_pred": 1, "Team_2_pred": 0, "calculated": true}}, {"model": "Betting.prediction", "pk": 10, "fields": {"person": 3, "match": 2, "Team_1_pred": 2, "Team_2_pred": 1, "calculated": true}}, {"model": "Betting.prediction", "pk": 11, "fields": {"person": 3, "match": 3, "Team_1_pred": 1, "Team_2_pred": 1, "calculated": true}}, {"model": "Betting.prediction", "pk": 12, "fields": {"person": 3, "match": 4, "Team_1_pred": 2, "Team_2_pred": 0, "calculated": true}}, {"model": "Betting.prediction", "pk": 13, "fields": {"person": 4, "match": 1, "Team_1_pred": 3, "Team_2_pred": 1, "calculated": true}}, {"model": "Betting.prediction", "pk": 14, "fields": {"person": 4, "match": 2, "Team_1_pred": 1, "Team_2_pred": 1, "calculated": true}}, {"model": "Betting.prediction", "pk": 15, "fields": {"person": 4, "match": 3, "Team_1_pred": 3, "Team_2_pred": 2, "calculated": true}}, {"model": "Betting.prediction", "pk": 16, "fields": {"person": 4, "match": 4, "Team_1_pred": 2, "Team_2_pred": 0, "calculated": true}}, {"model": "Betting.prediction", "pk": 17, "fields": {"person": 5, "match": 1, "Team_1_pred": 2, "Team_2_pred": 0, "calculated": true}}, {"model": "Betting.prediction", "pk": 18, "fields": {"person": 5, "match": 2, "Team_1_pred": 0, "Team_2_pred": 1, "calculated": true}}, {"model": "Betting.prediction", "pk": 19, "fields": {"person": 5, "match": 3, "Team_1_pred": 3, "Team_2_pred": 2, "calculated": true}}, {"model": "Betting.prediction", "pk": 20, "fields": {"person": 5, "match": 4, "Team_1_pred": 1, "Team_2_pred": 0, "calculated": true}}, {"model": "Betting.prediction", "pk": 21, "fields": {"person": 6, "match": 1, "Team_1_pred": 3, "Team_2_pred": 1, "calculated": true}}, {"model": "Betting.prediction", "pk": 22, "fields": {"person": 6, "match": 2, "Team_1_pred": 1, "Team_2_pred": 0, "calculated": true}}, {"model": "Betting.prediction", "pk": 23, "fields": {"person": 6, "match": 3, "Team_1_pred": 3, "Team_2_pred": 3, "calculated": true}}, {"model": "Betting.prediction", "pk": 24, "fields": {"person": 6, "match": 4, "Team_1_pred": 1, "Team_2_pred": 0, "calculated": true}}, {"model": "Betting.prediction", "pk": 25, "fields": {"person": 3, "match": 7, "Team_1_pred": 0, "Team_2_pred": 2, "calculated": true}}, {"model": "Betting.prediction", "pk": 26, "fields": {"person": 3, "match": 8, "Team_1_pred": 1, "Team_2_pred": 2, "calculated": true}}, {"model": "Betting.prediction", "pk": 27, "fields": {"person": 3, "match": 9, "Team_1_pred": 1, "Team_2_pred": 4, "calculated": true}}, {"model": "Betting.prediction", "pk": 28, "fields": {"person": 3, "match": 10, "Team_1_pred": 1, "Team_2_pred": 2, "calculated": true}}, {"model": "Betting.prediction", "pk": 29, "fields": {"person": 3, "match": 11, "Team_1_pred": 3, "Team_2_pred": 0, "calculated": true}}, {"model": "Betting.prediction", "pk": 30, "fields": {"person": 3, "match": 12, "Team_1_pred": 0, "Team_2_pred": 4, "calculated": true}}, {"model": "Betting.prediction", "pk": 31, "fields": {"person": 6, "match": 7, "Team_1_pred": 0, "Team_2_pred": 3, "calculated": true}}, {"model": "Betting.prediction", "pk": 32, "fields": {"person": 6, "match": 8, "Team_1_pred": 0, "Team_2_pred": 2, "calculated": true}}, {"model": "Betting.prediction", "pk": 33, "fields": {"person": 6, "match": 9, "Team_1_pred": 1, "Team_2_pred": 4, "calculated": true}}, {"model": "Betting.prediction", "pk": 34, "fields": {"person": 6, "match": 10, "Team_1_pred": 1, "Team_2_pred": 1, "calculated": true}}, {"model": "Betting.prediction", "pk": 35, "fields": {"person": 6, "match": 11, "Team_1_pred": 3, "Team_2_pred": 0, "calculated": true}}, {"model": "Betting.prediction", "pk": 36, "fields": {"person": 6, "match": 12, "Team_1_pred": 0, "Team_2_pred": 5, "calculated": true}}, {"model": "Betting.prediction", "pk": 37, "fields": {"person": 1, "match": 7, "Team_1_pred": 0, "Team_2_pred": 2, "calculated": true}}, {"model": "Betting.prediction", "pk": 38, "fields": {"person": 1, "match": 8, "Team_1_pred": 1, "Team_2_pred": 2, "calculated": true}}, {"model": "Betting.prediction", "pk": 39, "fields": {"person": 1, "match": 9, "Team_1_pred": 1, "Team_2_pred": 3, "calculated": true}}, {"model": "Betting.prediction", "pk": 40, "fields": {"person": 1, "match": 10, "Team_1_pred": 3, "Team_2_pred": 2, "calculated": true}}, {"model": "Betting.prediction", "pk": 41, "fields": {"person": 1, "match": 11, "Team_1_pred": 3, "Team_2_pred": 0, "calculated": true}}, {"model": "Betting.prediction", "pk": 42, "fields": {"person": 1, "match": 12, "Team_1_pred": 4, "Team_2_pred": 1, "calculated": true}}, {"model": "Betting.prediction", "pk": 43, "fields": {"person": 4, "match": 7, "Team_1_pred": 0, "Team_2_pred": 2, "calculated": true}}, {"model": "Betting.prediction", "pk": 44, "fields": {"person": 4, "match": 8, "Team_1_pred": 0, "Team_2_pred": 2, "calculated": true}}, {"model": "Betting.prediction", "pk": 45, "fields": {"person": 4, "match": 9, "Team_1_pred": 0, "Team_2_pred": 3, "calculated": true}}, {"model": "Betting.prediction", "pk": 46, "fields": {"person": 4, "match": 10, "Team_1_pred": 2, "Team_2_pred": 1, "calculated": true}}, {"model": "Betting.prediction", "pk": 47, "fields": {"person": 4, "match": 11, "Team_1_pred": 3, "Team_2_pred": 0, "calculated": true}}, {"model": "Betting.prediction", "pk": 48, "fields": {"person": 4, "match": 12, "Team_1_pred": 1, "Team_2_pred": 5, "calculated": true}}, {"model": "Betting.prediction", "pk": 49, "fields": {"person": 2, "match": 7, "Team_1_pred": 0, "Team_2_pred": 5, "calculated": true}}, {"model": "Betting.prediction", "pk": 50, "fields": {"person": 2, "match": 8, "Team_1_pred": 0, "Team_2_pred": 3, "calculated": true}}, {"model": "Betting.prediction", "pk": 51, "fields": {"person": 2, "match": 9, "Team_1_pred": 2, "Team_2_pred": 5, "calculated": true}}, {"model": "Betting.prediction", "pk": 52, "fields": {"person": 2, "match": 10, "Team_1_pred": 1, "Team_2_pred": 1, "calculated": true}}, {"model": "Betting.prediction", "pk": 53, "fields": {"person": 2, "match": 11, "Team_1_pred": 3, "Team_2_pred": 0, "calculated": true}}, {"model": "Betting.prediction", "pk": 54, "fields": {"person": 2, "match": 12, "Team_1_pred": 0, "Team_2_pred": 6, "calculated": true}}, {"model": "Betting.prediction", "pk": 55, "fields": {"person": 5, "match": 7, "Team_1_pred": 0, "Team_2_pred": 4, "calculated": true}}, {"model": "Betting.prediction", "pk": 56, "fields": {"person": 5, "match": 8, "Team_1_pred": 0, "Team_2_pred": 2, "calculated": true}}, {"model": "Betting.prediction", "pk": 57, "fields": {"person": 5, "match": 9, "Team_1_pred": 1, "Team_2_pred": 3, "calculated": true}}, {"model": "Betting.prediction", "pk": 58, "fields": {"person": 5, "match": 10, "Team_1_pred": 1, "Team_2_pred": 1, "calculated": true}}, {"model": "Betting.prediction", "pk": 59, "fields": {"person": 5, "match": 11, "Team_1_pred": 3, "Team_2_pred": 0, "calculated": true}}, {"model": "Betting.prediction", "pk": 60, "fields": {"person": 5, "match": 12, "Team_1_pred": 0, "Team_2_pred": 5, "calculated": true}}, {"model": "Betting.prediction", "pk": 61, "fields": {"person": 1, "match": 13, "Team_1_pred": 2, "Team_2_pred": 1, "calculated": true}}, {"model": "Betting.prediction", "pk": 62, "fields": {"person": 1, "match": 14, "Team_1_pred": 3, "Team_2_pred": 1, "calculated": true}}, {"model": "Betting.prediction", "pk": 63, "fields": {"person": 1, "match": 15, "Team_1_pred": 3, "Team_2_pred": 0, "calculated": true}}, {"model": "Betting.prediction", "pk": 64, "fields": {"person": 1, "match": 16, "Team_1_pred": 3, "Team_2_pred": 0, "calculated": true}}, {"model": "Betting.prediction", "pk": 65, "fields": {"person": 1, "match": 17, "Team_1_pred": 1, "Team_2_pred": 2, "calculated": true}}, {"model": "Betting.prediction", "pk": 66, "fields": {"person": 2, "match": 13, "Team_1_pred": 2, "Team_2_pred": 1, "calculated": true}}, {"model": "Betting.prediction", "pk": 67, "fields": {"person": 3, "match": 13, "Team_1_pred": 2, "Team_2_pred": 0, "calculated": true}}, {"model": "Betting.prediction", "pk": 68, "fields": {"person": 4, "match": 13, "Team_1_pred": 2, "Team_2_pred": 0, "calculated": true}}, {"model": "Betting.prediction", "pk": 69, "fields": {"person": 5, "match": 13, "Team_1_pred": 2, "Team_2_pred": 1, "calculated": true}}, {"model": "Betting.prediction", "pk": 70, "fields": {"person": 6, "match": 13, "Team_1_pred": 3, "Team_2_pred": 0, "calculated": true}}, {"model": "Betting.prediction", "pk": 71, "fields": {"person": 2, "match": 14, "Team_1_pred": 2, "Team_2_pred": 0, "calculated": true}}, {"model": "Betting.prediction", "pk": 72, "fields": {"person": 3, "match": 14, "Team_1_pred": 4, "Team_2_pred": 1, "calculated": true}}, {"model": "Betting.prediction", "pk": 73, "fields": {"person": 4, "match": 14, "Team_1_pred": 3, "Team_2_pred": 0, "calculated": true}}, {"model": "Betting.prediction", "pk": 74, "fields": {"person": 5, "match": 14, "Team_1_pred": 3, "Team_2_pred": 1, "calculated": true}}, {"model": "Betting.prediction", "pk": 75, "fields": {"person": 6, "match": 14, "Team_1_pred": 4, "Team_2_pred": 0, "calculated": true}}, {"model": "Betting.prediction", "pk": 76, "fields": {"person": 2, "match": 15, "Team_1_pred": 2, "Team_2_pred": 1, "calculated": true}}, {"model": "Betting.prediction", "pk": 77, "fields": {"person": 3, "match": 15, "Team_1_pred": 2, "Team_2_pred": 0, "calculated": true}}, {"model": "Betting.prediction", "pk": 78, "fields": {"person": 4, "match": 15, "Team_1_pred": 2, "Team_2_pred": 1, "calculated": true}}, {"model": "Betting.prediction", "pk": 79, "fields": {"person": 5, "match": 15, "Team_1_pred": 2, "Team_2_pred": 2, "calculated": true}}, {"model": "Betting.prediction", "pk": 80, "fields": {"person": 6, "match": 15, "Team_1_pred": 3, "Team_2_pred": 1, "calculated": true}}, {"model": "Betting.prediction", "pk": 81, "fields": {"person": 2, "match": 16, "Team_1_pred": 4, "Team_2_pred": 0, "calculated": true}}, {"model": "Betting.prediction", "pk": 82, "fields": {"person": 3, "match": 16, "Team_1_pred": 3, "Team_2_pred": 0, "calculated": true}}, {"model": "Betting.prediction", "pk": 83, "fields": {"person": 4, "match": 16, "Team_1_pred": 3, "Team_2_pred": 1, "calculated": true}}, {"model": "Betting.prediction", "pk": 84, "fields": {"person": 5, "match": 16, "Team_1_pred": 3, "Team_2_pred": 2, "calculated": true}}, {"model": "Betting.prediction", "pk": 85, "fields": {"person": 6, "match": 16, "Team_1_pred": 2, "Team_2_pred": 1, "calculated": true}}, {"model": "Betting.prediction", "pk": 86, "fields": {"person": 2, "match": 17, "Team_1_pred": 1, "Team_2_pred": 2, "calculated": true}}, {"model": "Betting.prediction", "pk": 87, "fields": {"person": 3, "match": 17, "Team_1_pred": 0, "Team_2_pred": 2, "calculated": true}}, {"model": "Betting.prediction", "pk": 88, "fields": {"person": 4, "match": 17, "Team_1_pred": 1, "Team_2_pred": 2, "calculated": true}}, {"model": "Betting.prediction", "pk": 89, "fields": {"person": 5, "match": 17, "Team_1_pred": 1, "Team_2_pred": 2, "calculated": true}}, {"model": "Betting.prediction", "pk": 90, "fields": {"person": 6, "match": 17, "Team_1_pred": 2, "Team_2_pred": 3, "calculated": true}}, {"model": "Betting.prediction", "pk": 92, "fields": {"person": 1, "match": 18, "Team_1_pred": 1, "Team_2_pred": 3, "calculated": true}}, {"model": "Betting.prediction", "pk": 93, "fields": {"person": 2, "match": 18, "Team_1_pred": 0, "Team_2_pred": 2, "calculated": true}}, {"model": "Betting.prediction", "pk": 94, "fields": {"person": 3, "match": 18, "Team_1_pred": 0, "Team_2_pred": 1, "calculated": true}}, {"model": "Betting.prediction", "pk": 95, "fields": {"person": 4, "match": 18, "Team_1_pred": 1, "Team_2_pred": 1, "calculated": true}}, {"model": "Betting.prediction", "pk": 96, "fields": {"person": 5, "match": 18, "Team_1_pred": 1, "Team_2_pred": 2, "calculated": true}}, {"model": "Betting.prediction", "pk": 97, "fields": {"person": 6, "match": 18, "Team_1_pred": 0, "Team_2_pred": 0, "calculated": true}}, {"model": "Betting.prediction", "pk": 98, "fields": {"person": 1, "match": 20, "Team_1_pred": 1, "Team_2_pred": 3, "calculated": true}}, {"model": "Betting.prediction", "pk": 99, "fields": {"person": 2, "match": 20, "Team_1_pred": 1, "Team_2_pred": 2, "calculated": true}}, {"model": "Betting.prediction", "pk": 100, "fields": {"person": 3, "match": 20, "Team_1_pred": 0, "Team_2_pred": 2, "calculated": true}}, {"model": "Betting.prediction", "pk": 101, "fields": {"person": 4, "match": 20, "Team_1_pred": 1, "Team_2_pred": 2, "calculated": true}}, {"model": "Betting.prediction", "pk": 102, "fields": {"person": 5, "match": 20, "Team_1_pred": 1, "Team_2_pred": 2, "calculated": true}}, {"model": "Betting.prediction", "pk": 103, "fields": {"person": 6, "match": 20, "Team_1_pred": 0, "Team_2_pred": 2, "calculated": true}}, {"model": "Betting.prediction", "pk": 104, "fields": {"person": 1, "match": 21, "Team_1_pred": 1, "Team_2_pred": 1, "calculated": true}}, {"model": "Betting.prediction", "pk": 105, "fields": {"person": 2, "match": 21, "Team_1_pred": 2, "Team_2_pred": 2, "calculated": true}}, {"model": "Betting.prediction", "pk": 106, "fields": {"person": 3, "match": 21, "Team_1_pred": 2, "Team_2_pred": 1, "calculated": true}}, {"model": "Betting.prediction", "pk": 107, "fields": {"person": 4, "match": 21, "Team_1_pred": 2, "Team_2_pred": 1, "calculated": true}}, {"model": "Betting.prediction", "pk": 108, "fields": {"person": 5, "match": 21, "Team_1_pred": 3, "Team_2_pred": 2, "calculated": true}}, {"model": "Betting.prediction", "pk": 109, "fields": {"person": 6, "match": 21, "Team_1_pred": 1, "Team_2_pred": 2, "calculated": true}}, {"model": "Betting.prediction", "pk": 110, "fields": {"person": 1, "match": 22, "Team_1_pred": 1, "Team_2_pred": 2, "calculated": true}}, {"model": "Betting.prediction", "pk": 111, "fields": {"person": 2, "match": 22, "Team_1_pred": 2, "Team_2_pred": 1, "calculated": true}}, {"model": "Betting.prediction", "pk": 112, "fields": {"person": 3, "match": 22, "Team_1_pred": 1, "Team_2_pred": 0, "calculated": true}}, {"model": "Betting.prediction", "pk": 113, "fields": {"person": 4, "match": 22, "Team_1_pred": 1, "Team_2_pred": 2, "calculated": true}}, {"model": "Betting.prediction", "pk": 114, "fields": {"person": 5, "match": 22, "Team_1_pred": 2, "Team_2_pred": 2, "calculated": true}}, {"model": "Betting.prediction", "pk": 115, "fields": {"person": 6, "match": 22, "Team_1_pred": 1, "Team_2_pred": 2, "calculated": true}}, {"model": "Betting.prediction", "pk": 116, "fields": {"person": 1, "match": 23, "Team_1_pred": 1, "Team_2_pred": 2, "calculated": true}}, {"model": "Betting.prediction", "pk": 117, "fields": {"person": 2, "match": 23, "Team_1_pred": 1, "Team_2_pred": 2, "calculated": true}}, {"model": "Betting.prediction", "pk": 118, "fields": {"person": 3, "match": 23, "Team_1_pred": 0, "Team_2_pred": 1, "calculated": true}}, {"model": "Betting.prediction", "pk": 119, "fields": {"person": 4, "match": 23, "Team_1_pred": 1, "Team_2_pred": 2, "calculated": true}}, {"model": "Betting.prediction", "pk": 120, "fields": {"person": 5, "match": 23, "Team_1_pred": 1, "Team_2_pred": 3, "calculated": true}}, {"model": "Betting.prediction", "pk": 121, "fields": {"person": 6, "match": 23, "Team_1_pred": 1, "Team_2_pred": 0, "calculated": true}}, {"model": "Betting.prediction", "pk": 122, "fields": {"person": 1, "match": 24, "Team_1_pred": 2, "Team_2_pred": 2, "calculated": true}}, {"model": "Betting.prediction", "pk": 123, "fields": {"person": 2, "match": 24, "Team_1_pred": 1, "Team_2_pred": 2, "calculated": true}}, {"model": "Betting.prediction", "pk": 124, "fields": {"person": 3, "match": 24, "Team_1_pred": 0, "Team_2_pred": 2, "calculated": true}}, {"model": "Betting.prediction", "pk": 125, "fields": {"person": 4, "match": 24, "Team_1_pred": 1, "Team_2_pred": 2, "calculated": true}}, {"model": "Betting.prediction", "pk": 126, "fields": {"person": 5, "match": 24, "Team_1_pred": 2, "Team_2_pred": 3, "calculated": true}}, {"model": "Betting.prediction", "pk": 127, "fields": {"person": 6, "match": 24, "Team_1_pred": 1, "Team_2_pred": 1, "calculated": true}}, {"model": "Betting.prediction", "pk": 128, "fields": {"person": 1, "match": 25, "Team_1_pred": 1, "Team_2_pred": 3, "calculated": true}}, {"model": "Betting.prediction", "pk": 129, "fields": {"person": 2, "match": 25, "Team_1_pred": 1, "Team_2_pred": 2, "calculated": true}}, {"model": "Betting.prediction", "pk": 130, "fields": {"person": 3, "match": 25, "Team_1_pred": 0, "Team_2_pred": 2, "calculated": true}}, {"model": "Betting.prediction", "pk": 131, "fields": {"person": 4, "match": 25, "Team_1_pred": 0, "Team_2_pred": 1, "calculated": true}}, {"model": "Betting.prediction", "pk": 132, "fields": {"person": 5, "match": 25, "Team_1_pred": 1, "Team_2_pred": 2, "calculated": true}}, {"model": "Betting.prediction", "pk": 133, "fields": {"person": 6, "match": 25, "Team_1_pred": 0, "Team_2_pred": 2, "calculated": true}}, {"model": "Betting.prediction", "pk": 134, "fields": {"person": 1, "match": 26, "Team_1_pred": 0, "Team_2_pred": 3, "calculated": true}}, {"model": "Betting.prediction", "pk": 135, "fields": {"person": 2, "match": 26, "Team_1_pred": 1, "Team_2_pred": 3, "calculated": true}}, {"model": "Betting.prediction", "pk": 136, "fields": {"person": 3, "match": 26, "Team_1_pred": 1, "Team_2_pred": 2, "calculated": true}}, {"model": "Betting.prediction", "pk": 137, "fields": {"person": 4, "match": 26, "Team_1_pred": 1, "Team_2_pred": 2, "calculated": true}}, {"model": "Betting.prediction", "pk": 138, "fields": {"person": 5, "match": 26, "Team_1_pred": 1, "Team_2_pred": 1, "calculated": true}}, {"model": "Betting.prediction", "pk": 139, "fields": {"person": 6, "match": 26, "Team_1_pred": 0, "Team_2_pred": 3, "calculated": true}}, {"model": "Betting.prediction", "pk": 140, "fields": {"person": 1, "match": 27, "Team_1_pred": 2, "Team_2_pred": 1, "calculated": true}}, {"model": "Betting.prediction", "pk": 141, "fields": {"person": 2, "match": 27, "Team_1_pred": 2, "Team_2_pred": 2, "calculated": true}}, {"model": "Betting.prediction", "pk": 142, "fields": {"person": 3, "match": 27, "Team_1_pred": 1, "Team_2_pred": 1, "calculated": true}}, {"model": "Betting.prediction", "pk": 143, "fields": {"person": 4, "match": 27, "Team_1_pred": 2, "Team_2_pred": 1, "calculated": true}}, {"model": "Betting.prediction", "pk": 144, "fields": {"person": 5, "match": 27, "Team_1_pred": 1, "Team_2_pred": 2, "calculated": true}}, {"model": "Betting.prediction", "pk": 145, "fields": {"person": 6, "match": 27, "Team_1_pred": 3, "Team_2_pred": 1, "calculated": true}}, {"model": "Betting.prediction", "pk": 146, "fields": {"person": 1, "match": 28, "Team_1_pred": 0, "Team_2_pred": 2, "calculated": true}}, {"model": "Betting.prediction", "pk": 147, "fields": {"person": 2, "match": 28, "Team_1_pred": 1, "Team_2_pred": 4, "calculated": true}}, {"model": "Betting.prediction", "pk": 148, "fields": {"person": 3, "match": 28, "Team_1_pred": 0, "Team_2_pred": 3, "calculated": true}}, {"model": "Betting.prediction", "pk": 149, "fields": {"person": 4, "match": 28, "Team_1_pred": 1, "Team_2_pred": 3, "calculated": true}}, {"model": "Betting.prediction", "pk": 150, "fields": {"person": 5, "match": 28, "Team_1_pred": 1, "Team_2_pred": 3, "calculated": true}}, {"model": "Betting.prediction", "pk": 151, "fields": {"person": 6, "match": 28, "Team_1_pred": 2, "Team_2_pred": 4, "calculated": true}}, {"model": "Betting.prediction", "pk": 152, "fields": {"person": 1, "match": 29, "Team_1_pred": 2, "Team_2_pred": 1, "calculated": true}}, {"model": "Betting.prediction", "pk": 153, "fields": {"person": 2, "match": 29, "Team_1_pred": 2, "Team_2_pred": 0, "calculated": true}}, {"model": "Betting.prediction", "pk": 154, "fields": {"person": 3, "match": 29, "Team_1_pred": 0, "Team_2_pred": 1, "calculated": true}}, {"model": "Betting.prediction", "pk": 155, "fields": {"person": 4, "match": 29, "Team_1_pred": 1, "Team_2_pred": 1, "calculated": true}}, {"model": "Betting.prediction", "pk": 156, "fields": {"person": 5, "match": 29, "Team_1_pred": 1, "Team_2_pred": 1, "calculated": true}}, {"model": "Betting.prediction", "pk": 157, "fields": {"person": 6, "match": 29, "Team_1_pred": 0, "Team_2_pred": 1, "calculated": true}}]